,Precision,Recall,F1
0,0.918,0.9017681728880157,0.9098116947472745
