,Precision,Recall,F1
0,0.8506876227897839,0.8506876227897839,0.850687622789784
