,Precision,Recall,F1
0,0.9086460032626428,0.8938560293443375,0.9011903386108864
