,Precision,Recall,F1
0,0.9646799116997793,0.4609704641350211,0.62384011420414
