,Precision,Recall,F1
0,0.9831223628691983,0.9080696928014672,0.9441067810749613
