,Precision,Recall,F1
0,0.9437751004016064,0.9233791748526523,0.9334657398212513
