,Precision,Recall,F1
0,0.687007874015748,0.3681434599156118,0.47939560439560447
