,Precision,Recall,F1
0,0.9957582184517497,0.9542682926829268,0.9745718733783082
