,Precision,Recall,F1
0,1.0,0.9691056910569106,0.9843104872006606
