,Precision,Recall,F1
0,0.9148514851485149,0.9076620825147348,0.911242603550296
