,Precision,Recall,F1
0,0.5707154742096506,0.3618143459915612,0.44286636539703045
