,Precision,Recall,F1
0,0.6616257088846881,0.3691983122362869,0.47393364928909953
