,Precision,Recall,F1
0,0.8956692913385826,0.8939096267190569,0.8947885939036382
