,Precision,Recall,F1
0,0.97457235321313,0.9665291150848234,0.9705340699815838
