,Precision,Recall,F1
0,0.6506469500924215,0.37130801687763715,0.47280053727333776
