,Precision,Recall,F1
0,0.993581831646507,0.9227418615314076,0.9568524901937479
