,Precision,Recall,F1
0,0.90748031496063,0.9056974459724951,0.9065880039331368
