,Precision,Recall,F1
0,0.9811498586239397,0.9546079779917469,0.9676969556123634
