,Precision,Recall,F1
0,0.8897810218978102,0.8383768913342503,0.8633144475920679
