,Precision,Recall,F1
0,0.9814023624026137,0.8952315451627694,0.9363385685169644
