,Precision,Recall,F1
0,0.5445783132530121,0.23839662447257384,0.33162142333088773
