,Precision,Recall,F1
0,0.9698492462311558,0.7583497053045186,0.8511576626240352
