,Precision,Recall,F1
0,0.8435643564356435,0.8369351669941061,0.8402366863905325
