,Precision,Recall,F1
0,0.9941060903732809,0.9280146721687299,0.9599241166706188
