,Precision,Recall,F1
0,0.9824561403508771,0.7701375245579568,0.8634361233480177
