,Precision,Recall,F1
0,0.7913793103448276,0.48417721518987344,0.6007853403141361
