,Precision,Recall,F1
0,0.9933118081180812,0.9873911049977074,0.990342607495976
