,Precision,Recall,F1
0,0.8821218074656189,0.8821218074656189,0.8821218074656189
