,Precision,Recall,F1
0,0.8864541832669323,0.8742632612966601,0.8803165182987142
