,Precision,Recall,F1
0,0.6262975778546713,0.3818565400843882,0.474442988204456
