,Precision,Recall,F1
0,0.6177536231884058,0.35970464135021096,0.4546666666666666
