,Precision,Recall,F1
0,0.9428176158635001,0.937414030261348,0.9401080583975169
