,Precision,Recall,F1
0,0.9779939772990502,0.9679046309032554,0.9729231478280909
