,Precision,Recall,F1
0,0.8503955885878686,0.8131591013296653,0.8313606000234385
