,Precision,Recall,F1
0,0.9022403258655805,0.46729957805907174,0.6157053509381515
