,Precision,Recall,F1
0,0.3407960199004975,0.2890295358649789,0.3127853881278539
