,Precision,Recall,F1
0,0.8266199649737302,0.4978902953586498,0.6214614878209348
