,Precision,Recall,F1
0,0.6858846918489065,0.3639240506329114,0.4755341144038594
