,Precision,Recall,F1
0,0.6694352159468439,0.42510548523206754,0.5199999999999999
