,Precision,Recall,F1
0,0.3538083538083538,0.3037974683544304,0.32690124858115777
