,Precision,Recall,F1
0,0.9807463750891372,0.9458963778083448,0.9630061850857744
