,Precision,Recall,F1
0,0.32138442521631644,0.2742616033755274,0.2959590210586226
