,Precision,Recall,F1
0,0.8032258064516129,0.5253164556962026,0.6352040816326531
