,Precision,Recall,F1
0,0.8994082840236687,0.8958742632612967,0.8976377952755906
