,Precision,Recall,F1
0,0.7583497053045186,0.7583497053045186,0.7583497053045186
