,Precision,Recall,F1
0,0.7115789473684211,0.35654008438818563,0.47505270555165147
