,Precision,Recall,F1
0,0.8111888111888111,0.48945147679324896,0.6105263157894738
