,Precision,Recall,F1
0,0.775,0.4578059071729958,0.5755968169761274
