,Precision,Recall,F1
0,0.9095326237852845,0.9011921137093076,0.9053431598341778
