,Precision,Recall,F1
0,0.8294392523364486,0.3744725738396624,0.5159883720930232
