,Precision,Recall,F1
0,0.8755020080321285,0.8565815324165029,0.8659384309831182
