,Precision,Recall,F1
0,0.888641425389755,0.7838899803536346,0.8329853862212943
