,Precision,Recall,F1
0,0.9301976482361771,0.8523613021549747,0.8895800933125972
