,Precision,Recall,F1
0,0.853966070609812,0.853966070609812,0.853966070609812
