,Precision,Recall,F1
0,1.0,0.974390243902439,0.9870290302655961
