,Precision,Recall,F1
0,0.8309278350515464,0.7917485265225933,0.8108651911468814
