,Precision,Recall,F1
0,0.9923387954884018,0.9477642276422764,0.9695394531656097
