,Precision,Recall,F1
0,0.9665847665847666,0.9018798716185236,0.933111954459203
