,Precision,Recall,F1
0,0.9672708962739174,0.8807886290692343,0.9220062395008398
