,Precision,Recall,F1
0,0.8778375848350105,0.8599266391563503,0.8687898089171974
