,Precision,Recall,F1
0,0.8299180327868853,0.4272151898734177,0.564066852367688
