,Precision,Recall,F1
0,0.8935672514619883,0.8757450710683173,0.8845664003704989
