,Precision,Recall,F1
0,0.10796221322537113,0.08438818565400844,0.09473060982830077
