,Precision,Recall,F1
0,0.759581881533101,0.459915611814346,0.5729303547963206
