,Precision,Recall,F1
0,0.8155737704918032,0.41983122362869196,0.5543175487465181
