,Precision,Recall,F1
0,0.8743695552498854,0.8743695552498854,0.8743695552498855
