,Precision,Recall,F1
0,0.8757450710683173,0.8757450710683173,0.8757450710683173
