,Precision,Recall,F1
0,0.2923898531375167,0.2310126582278481,0.2581025338833235
