,Precision,Recall,F1
0,0.9551166965888689,0.5611814345991561,0.7069767441860465
