,Precision,Recall,F1
0,1.0,0.9644308943089431,0.9818934299017072
