,Precision,Recall,F1
0,0.9021956087824351,0.888015717092338,0.895049504950495
