,Precision,Recall,F1
0,0.8099495644199908,0.8099495644199908,0.8099495644199908
