,Precision,Recall,F1
0,0.7877813504823151,0.481335952848723,0.5975609756097561
