,Precision,Recall,F1
0,0.896,0.8801571709233792,0.88800792864222
