,Precision,Recall,F1
0,0.888015717092338,0.888015717092338,0.888015717092338
