,Precision,Recall,F1
0,0.8360215053763441,0.6110019646365422,0.7060158910329171
