,Precision,Recall,F1
0,0.8303030303030303,0.5383104125736738,0.6531585220500596
