,Precision,Recall,F1
0,0.9064039408866995,0.3881856540084388,0.5435745937961596
