,Precision,Recall,F1
0,0.88909426987061,0.8821641448876663,0.8856156501726122
