,Precision,Recall,F1
0,0.9405940594059405,0.9332023575638507,0.9368836291913215
