,Precision,Recall,F1
0,0.859697386519945,0.859697386519945,0.859697386519945
