,Precision,Recall,F1
0,0.9883485309017224,0.8945437872535534,0.9391095066185319
