,Precision,Recall,F1
0,0.981562572021203,0.9763869784502521,0.978967934720147
