,Precision,Recall,F1
0,0.6362126245847176,0.4040084388185654,0.49419354838709684
