,Precision,Recall,F1
0,0.8599266391563503,0.8599266391563503,0.8599266391563503
