,Precision,Recall,F1
0,0.6671779141104295,0.4588607594936709,0.54375
