,Precision,Recall,F1
0,0.768581081081081,0.479957805907173,0.5909090909090908
