,Precision,Recall,F1
0,0.9191321499013807,0.9155206286836935,0.9173228346456692
