,Precision,Recall,F1
0,0.8924050632911392,0.8727647867950481,0.8824756606397774
