,Precision,Recall,F1
0,0.8125,0.5108055009823183,0.6272617611580217
