,Precision,Recall,F1
0,0.921849710982659,0.9140302613480055,0.9179233337170485
