,Precision,Recall,F1
0,0.842,0.8271119842829077,0.8344895936570863
