,Precision,Recall,F1
0,0.7914285714285715,0.2921940928270042,0.4268104776579352
