,Precision,Recall,F1
0,0.8428290766208252,0.8428290766208252,0.8428290766208252
