,Precision,Recall,F1
0,0.9667849898580122,0.8741403026134801,0.91813147122562
