,Precision,Recall,F1
0,0.8902439024390244,0.8605108055009824,0.8751248751248751
