,Precision,Recall,F1
0,0.9897881031401583,0.8888124713434205,0.9365865442686315
