,Precision,Recall,F1
0,0.9701420659764026,0.9236588720770289,0.9463300058719907
