,Precision,Recall,F1
0,0.8649193548387096,0.8428290766208252,0.853731343283582
