,Precision,Recall,F1
0,0.932720953326713,0.8613021549747822,0.8955899880810488
