,Precision,Recall,F1
0,0.8355140186915888,0.47151898734177217,0.602832097100472
