,Precision,Recall,F1
0,0.8470254957507082,0.587426326129666,0.6937354988399073
