,Precision,Recall,F1
0,0.9354838709677419,0.9115913555992141,0.9233830845771143
