,Precision,Recall,F1
0,0.9330708661417323,0.931237721021611,0.9321533923303835
