,Precision,Recall,F1
0,1.0,0.9504065040650407,0.9745727386411005
