,Precision,Recall,F1
0,0.974293059125964,0.7445972495088409,0.844097995545657
