,Precision,Recall,F1
0,0.8732232920678588,0.8732232920678588,0.8732232920678588
