,Precision,Recall,F1
0,0.8991769547325102,0.8585461689587426,0.878391959798995
