,Precision,Recall,F1
0,0.904,0.888015717092338,0.8959365708622398
