,Precision,Recall,F1
0,0.9991509233708342,0.9567073170731707,0.9774685910082027
