,Precision,Recall,F1
0,0.9961381677751555,0.9436991869918699,0.969209894583029
