,Precision,Recall,F1
0,0.9174163783160323,0.9117377349839523,0.914568241922502
