,Precision,Recall,F1
0,0.9023904382470119,0.8899803536345776,0.8961424332344213
