,Precision,Recall,F1
0,0.20887728459530025,0.16877637130801687,0.1866977829638273
