,Precision,Recall,F1
0,0.9927481870467617,0.9101329665291151,0.949647171390982
