,Precision,Recall,F1
0,0.8635946813388354,0.8635946813388354,0.8635946813388353
