,Precision,Recall,F1
0,1.0,0.9662601626016261,0.982840603679967
