,Precision,Recall,F1
0,0.8058510638297872,0.5952848722986247,0.6847457627118644
