,Precision,Recall,F1
0,0.8195020746887967,0.7760314341846758,0.7971745711402624
