,Precision,Recall,F1
0,0.9609595484477893,0.936726272352132,0.9486881820292546
