,Precision,Recall,F1
0,0.7788778877887789,0.4978902953586498,0.6074646074646075
