,Precision,Recall,F1
0,0.8937686824557369,0.8911049977074736,0.8924348524853634
