,Precision,Recall,F1
0,0.9911673430412986,0.951856946354883,0.971114489533388
