,Precision,Recall,F1
0,0.9813883299798792,0.8945437872535534,0.9359558647157592
