,Precision,Recall,F1
0,0.9809384164222874,0.9202200825309491,0.9496096522356281
