,Precision,Recall,F1
0,0.9132280122612592,0.8878954607977991,0.9003835871207718
