,Precision,Recall,F1
0,0.4287515762925599,0.35864978902953587,0.39058012636415856
