,Precision,Recall,F1
0,0.9532467532467532,0.3871308016877637,0.5506376594148538
