,Precision,Recall,F1
0,0.9205702647657841,0.888015717092338,0.904
