,Precision,Recall,F1
0,0.9956653662765497,0.933739837398374,0.9637088315502412
