,Precision,Recall,F1
0,0.8842315369261478,0.8703339882121808,0.8772277227722772
