,Precision,Recall,F1
0,0.9055555555555556,0.3438818565400844,0.4984709480122324
