,Precision,Recall,F1
0,0.8117443868739206,0.4957805907172996,0.6155861165684349
