,Precision,Recall,F1
0,0.9302554027504911,0.8684089867033471,0.8982689115484942
