,Precision,Recall,F1
0,0.8646464646464647,0.8408644400785854,0.852589641434263
