,Precision,Recall,F1
0,0.7410714285714286,0.350210970464135,0.47564469914040114
