,Precision,Recall,F1
0,0.9173387096774194,0.8939096267190569,0.9054726368159204
