,Precision,Recall,F1
0,0.6518771331058021,0.4029535864978903,0.49804432855280323
