,Precision,Recall,F1
0,0.8619329388560157,0.8585461689587426,0.860236220472441
