,Precision,Recall,F1
0,0.8330058939096268,0.8330058939096268,0.8330058939096268
